StartDate,EndDate,Status,IPAddress,Progress,Duration (in seconds),Finished,RecordedDate,ResponseId,RecipientLastName,RecipientFirstName,RecipientEmail,ExternalReference,LocationLatitude,LocationLongitude,DistributionChannel,UserLanguage,Q5_1,Q5_2,Q5_3,Q5_4,Q5_5,Q5_6,Q5_7,Q6_1,Q6_2,Q6_3,Q6_4,Q6_5,Q6_6,Q6_7,Q7_1,Q7_2,Q7_3,Q7_4,Q7_5,Q7_6,Q7_7,Q8_1,Q8_2,Q8_3,Q8_4,Q8_5,Q8_6,Q8_7,Q9_1,Q9_2,Q9_3,Q9_4,Q9_5,Q9_6,Q9_7,Q20,Random ID
Start Date,End Date,Response Type,IP Address,Progress,Duration (in seconds),Finished,Recorded Date,Response ID,Recipient Last Name,Recipient First Name,Recipient Email,External Data Reference,Location Latitude,Location Longitude,Distribution Channel,User Language,short glass from the nightstand alongside James's bed. James poured slowly but _______ - tried,short glass from the nightstand alongside James's bed. James poured slowly but _______ - held,short glass from the nightstand alongside James's bed. James poured slowly but _______ - steadily,short glass from the nightstand alongside James's bed. James poured slowly but _______ - kept,short glass from the nightstand alongside James's bed. James poured slowly but _______ - then,short glass from the nightstand alongside James's bed. James poured slowly but _______ - poured,short glass from the nightstand alongside James's bed. James poured slowly but _______ - Charles,like to feel her warmth in person. His best friends _______ - in,like to feel her warmth in person. His best friends _______ - always,like to feel her warmth in person. His best friends _______ - and,like to feel her warmth in person. His best friends _______ - life,like to feel her warmth in person. His best friends _______ - were,like to feel her warmth in person. His best friends _______ - was,like to feel her warmth in person. His best friends _______ - did,"at the buffet delivered to the table I was sitting at, setting up a _______ - battle","at the buffet delivered to the table I was sitting at, setting up a _______ - meal","at the buffet delivered to the table I was sitting at, setting up a _______ - mess","at the buffet delivered to the table I was sitting at, setting up a _______ - table","at the buffet delivered to the table I was sitting at, setting up a _______ - video","at the buffet delivered to the table I was sitting at, setting up a _______ - whole","at the buffet delivered to the table I was sitting at, setting up a _______ - private",skin stretched  out like a drum  hair like a _______ - pearl,skin stretched  out like a drum  hair like a _______ - hedge,skin stretched  out like a drum  hair like a _______ - nest,skin stretched  out like a drum  hair like a _______ - flower,skin stretched  out like a drum  hair like a _______ - stone,skin stretched  out like a drum  hair like a _______ - leather,skin stretched  out like a drum  hair like a _______ - stick,It was as if he were strapped in and forced to watch one billion _______ - TV,It was as if he were strapped in and forced to watch one billion _______ - re,It was as if he were strapped in and forced to watch one billion _______ - hours,It was as if he were strapped in and forced to watch one billion _______ - sun,It was as if he were strapped in and forced to watch one billion _______ - TV,It was as if he were strapped in and forced to watch one billion _______ - thoughts,It was as if he were strapped in and forced to watch one billion _______ - other,"Thank you very much for completing this survey! Before you hit the button below to get your MTurk Completion code, do you have any comments or suggestions about the survey?",Random ID
"{""ImportId"":""startDate"",""timeZone"":""America/Denver""}","{""ImportId"":""endDate"",""timeZone"":""America/Denver""}","{""ImportId"":""status""}","{""ImportId"":""ipAddress""}","{""ImportId"":""progress""}","{""ImportId"":""duration""}","{""ImportId"":""finished""}","{""ImportId"":""recordedDate"",""timeZone"":""America/Denver""}","{""ImportId"":""_recordId""}","{""ImportId"":""recipientLastName""}","{""ImportId"":""recipientFirstName""}","{""ImportId"":""recipientEmail""}","{""ImportId"":""externalDataReference""}","{""ImportId"":""locationLatitude""}","{""ImportId"":""locationLongitude""}","{""ImportId"":""distributionChannel""}","{""ImportId"":""userLanguage""}","{""ImportId"":""QID3_1""}","{""ImportId"":""QID3_2""}","{""ImportId"":""QID3_3""}","{""ImportId"":""QID3_4""}","{""ImportId"":""QID3_5""}","{""ImportId"":""QID3_6""}","{""ImportId"":""QID3_7""}","{""ImportId"":""QID7_1""}","{""ImportId"":""QID7_2""}","{""ImportId"":""QID7_3""}","{""ImportId"":""QID7_4""}","{""ImportId"":""QID7_5""}","{""ImportId"":""QID7_6""}","{""ImportId"":""QID7_7""}","{""ImportId"":""QID8_1""}","{""ImportId"":""QID8_2""}","{""ImportId"":""QID8_3""}","{""ImportId"":""QID8_4""}","{""ImportId"":""QID8_5""}","{""ImportId"":""QID8_6""}","{""ImportId"":""QID8_7""}","{""ImportId"":""QID9_1""}","{""ImportId"":""QID9_2""}","{""ImportId"":""QID9_3""}","{""ImportId"":""QID9_4""}","{""ImportId"":""QID9_5""}","{""ImportId"":""QID9_6""}","{""ImportId"":""QID9_7""}","{""ImportId"":""QID10_1""}","{""ImportId"":""QID10_2""}","{""ImportId"":""QID10_3""}","{""ImportId"":""QID10_4""}","{""ImportId"":""QID10_5""}","{""ImportId"":""QID10_6""}","{""ImportId"":""QID10_7""}","{""ImportId"":""QID26_TEXT""}","{""ImportId"":""Random ID""}"
2019-10-22 19:19:41,2019-10-22 19:26:37,0,152.3.43.49,100,416,1,2019-10-22 19:26:37,R_2CyocOXH7xlEpk5,,,,,35.996795654296875,-78.89550018310546875,anonymous,EN,2,1,1,2,3,5,2,1,1,3,5,2,5,1,5,2,2,5,3,3,2,4,2,1,3,5,5,5,2,3,1,4,2,1,4,From Trenton,39748
2019-10-22 19:33:39,2019-10-22 19:35:18,0,68.8.163.160,100,99,1,2019-10-22 19:35:18,R_1qdCudjW9oRZR45,,,,,32.7637939453125,-117.06999969482421875,anonymous,EN,5,1,1,2,5,2,5,2,2,5,5,1,5,5,2,1,1,1,2,1,5,2,4,1,1,5,5,5,1,5,1,5,1,2,5,no issues,92908
2019-10-22 19:38:35,2019-10-22 19:46:26,0,24.45.7.187,100,470,1,2019-10-22 19:46:26,R_1BP0zpTdcJ2vCkX,,,,,40.8730926513671875,-74.7425994873046875,anonymous,EN,1,1,1,1,1,1,2,1,1,1,2,1,5,2,4,1,4,4,2,1,2,2,4,2,2,3,2,3,2,1,1,4,2,2,1,no comments,62087
2019-10-22 19:39:03,2019-10-22 19:49:34,0,104.156.206.75,100,631,1,2019-10-22 19:49:34,R_AA8wH4Ff78LNiPn,,,,,42.297393798828125,-71.07219696044921875,anonymous,EN,4,1,1,3,1,1,3,3,2,2,1,1,5,1,4,1,5,3,1,1,4,3,3,3,3,3,3,3,1,2,1,5,1,3,1,some of the sentences are too vague for easy comprehension,34368
2019-10-22 19:43:29,2019-10-22 19:53:12,0,152.3.43.45,100,583,1,2019-10-22 19:53:13,R_6rr4CBJmPaQdQdj,,,,,35.996795654296875,-78.89550018310546875,anonymous,EN,2,2,2,1,1,3,2,3,1,3,5,1,5,2,5,1,4,1,2,2,2,4,1,1,3,5,5,5,1,3,1,4,1,3,2,MTurper,54273
2019-10-22 19:42:10,2019-10-22 19:56:36,0,81.157.83.243,100,866,1,2019-10-22 19:56:37,R_3UAlKBW4vnkDusV,,,,,51.184600830078125,-0.6172943115234375,anonymous,EN,2,2,1,1,1,1,1,1,1,1,2,1,5,1,3,2,5,3,4,2,2,5,2,2,4,5,5,5,3,2,1,3,3,4,1,"This is Joe. I don’t think this counts as convenience sampling since I’m in England. ",22865
2019-10-22 19:37:57,2019-10-22 19:56:38,0,104.200.35.70,100,1121,1,2019-10-22 19:56:38,R_vP5yX2YwAa3EvC1,,,,,35.6699066162109375,-97.46469879150390625,anonymous,EN,3,3,3,2,4,5,1,5,4,5,3,2,5,4,4,1,5,2,3,5,1,2,3,1,3,4,2,5,1,2,4,3,5,2,4,,53287
2019-10-22 20:06:37,2019-10-22 20:12:27,0,208.38.240.182,100,349,1,2019-10-22 20:12:28,R_3iExpApEyAddl6f,,,,,40.3990020751953125,-86.8574981689453125,anonymous,EN,4,5,1,5,5,5,5,5,4,2,2,2,5,2,5,1,2,5,5,5,5,2,5,5,2,5,5,5,5,5,1,5,5,5,5,,63856
2019-10-22 20:13:05,2019-10-22 20:15:57,0,99.141.208.161,100,171,1,2019-10-22 20:15:57,R_27OvoOUPLZ0FV2A,,,,,41.873199462890625,-88.0001983642578125,anonymous,EN,2,2,1,1,1,2,2,4,1,1,2,1,4,1,1,1,2,1,4,1,1,2,2,1,4,5,5,4,1,5,1,4,1,2,2,No.,36083
2019-10-22 20:09:51,2019-10-22 20:19:57,0,152.3.43.45,100,606,1,2019-10-22 20:19:58,R_1mfuy3ueDhWxDQd,,,,,35.996795654296875,-78.89550018310546875,anonymous,EN,1,2,1,4,1,1,3,1,1,1,5,1,5,1,4,1,2,1,3,5,5,5,5,2,3,5,5,5,5,5,1,5,5,3,2,"skin stretched   out like a drum   hair like a hedge. —GPT2, 2019",22020
2019-10-22 20:17:54,2019-10-22 20:22:38,0,162.154.153.84,100,284,1,2019-10-22 20:22:38,R_3FLssCVAubhnvvs,,,,,40.7960968017578125,-81.37979888916015625,anonymous,EN,4,2,1,2,2,3,5,3,5,2,2,1,1,2,5,1,4,1,2,5,5,4,5,2,3,5,5,2,2,5,1,4,2,2,5,A2O2Y99RA9GFUJ,76650
2019-10-22 21:59:31,2019-10-22 22:05:03,0,104.138.245.79,100,332,1,2019-10-22 22:05:04,R_2fDUTPFCWUt1Ifx,,,,,36.0424957275390625,-80.26090240478515625,anonymous,EN,1,1,1,1,1,2,3,3,1,3,5,1,5,1,5,1,2,2,4,1,2,4,1,1,4,4,4,4,1,2,1,1,1,1,2,A3KC385CZNYEG5,40177
2019-10-23 02:22:14,2019-10-23 02:26:04,0,50.38.94.32,100,229,1,2019-10-23 02:26:04,R_1PXmBwM4KUGzYUa,,,,,45.65350341796875,-123.121002197265625,anonymous,EN,2,1,1,1,1,3,3,1,1,1,1,1,5,2,5,1,2,3,4,3,5,3,2,1,1,5,5,2,1,5,1,1,1,5,2,,65361
